{
    "data": {
        "MP001": [
            {
                "type": "call",
                "title": "健康咨询",
                "value": "404-10022-1010",
                "desc": "7*24"
            },
            {
                "type": "chat",
                "value": "",
                "title": "专属医生",
                "desc": "预约"
            },
            {
                "type": "h5",
                "title": "体检预约",
                "extra": {
                    "id": "1"
                },
                "key": "physical",
                "needCheck": true,
                "value": "/app/health/appoint?id="
            }
        ],
        "MP002": [
            {
                "type": "call",
                "title": "健康咨询",
                "value": "404-10022-1010",
                "desc": "7*24"
            },
            {
                "type": "chat",
                "value": "",
                "extra": {
                    "type": "h5",
                    "target": "/appioint"
                },
                "title": "专属医生",
                "desc": "预约"
            },
            {
                "type": "h5",
                "title": "体检预约",
                "key": "physical",
                "needCheck": true,
                "extra": {
                    "type": "call",
                    "target": "200-212012"
                },
                "value": "/app/health/appoint?id=1",
                "desc": "1"
            }
        ]
    },
    "errcode": 0,
    "errmsg": "success"
}
